ID_,x_,y_,coliformes_termotolerantes,ph_,oxigenio_dissolvido,DBO_,temperatura_,nitrogenio_total,fosforo_total_,turbidez_,solidos_dissolvidos_totais
1,"-43,177337","-22,487193",12,"8,13","13,42",<2,"17,12","8,1","0,832","5,58",144
2,"-43,151355","-22,474121",13000,"7,62","17,02",4,"17,42","9,2","0,756","4,61",127
3,"-43,135284","-22,403151",13000,"7,05","9,52",<2,"17,10","4,8","0,536","4,60",96
4,"-43,131040","-22,379135",11000,"7,12","9,63",<2,"16,98","5,7","0,434","6,52",87
5,"-43,076508","-22,255192",12000,"6,98","9,49",<2,"18,35","5,0","0,450","4,39",87
6,"-43,104233","-22,231577",6000,"7,21","8,78",<2,"19,38","4,1","0,205","18,20",67
7,"-43,175696","-22,177414",11000,"7,18","8,26",<2,"20,2","3,1","0,215","12,90",63
8,"-43,143791","-22,126670",8200,"7,12","8,30",<2,"20,14","3,2","0,355","16,20",58
9,"-42,917395","-22,249591",10000,"6,59","9,87",<2,"17,83","3,8","0,206","12,40",77
10,"-43,172552","-22,514078",7700,"6,35","7,91",12,"20,79","26,4","2,87","14,30",287
11,"-43,177337","-22,487193",18000,"7,09","6,05",8,"20,27","8,5","0,829","5,37",200
12,"-43,151355","-22,474121",200000,"7,03","6,80",8,"18,72","10,4","1,24","9,91",221
13,"-43,135284","-22,403151",20000,"6,45","6,83",5,"18,65","7,5","0,810","7,07",171
14,"-43,131040","-22,379135",18000,"7,04","7,49",17,"17,45","6,5","0,691","17,50",158
15,"-43,076508","-22,255192",9100,"8,11","7,86",11,"16,8","6,7","0,691","3,75",147
16,"-43,104233","-22,231577",4100,"8,06","7,65",<2,"17,16","4,0","0,278","10,70",113
17,"-43,175696","-22,177414",210,"7,14","7,00",<2,"18,32","3,8","0,242","7,14",111
18,"-43,143791","-22,126670",220,"7,12","7,35",<2,"17,7","3,1","0,272","7,37",114
19,"-42,917395","-22,249591",1800,"8,40","8,64",<2,"15,59","5,3","0,396","6,99",136
20,"-43,185431","-22,517014",110000,"6,78","6,60",14,"19,11","15,7","1,39","13,30",247
21,"-43,177337","-22,487193",2000,"6,31","10,79",15,"18,12","9,0","0,748","3,91",141
22,"-43,151355","-22,474121",2000,"7,12","9,70",12,"19,3","12,6","0,926","6,15",160
23,"-43,135284","-22,403151",<1,"6,67","10,03",5,"18,31","8,6","0,604","4,12",143
24,"-43,131040","-22,379135",9400,"6,97","10,02",<2,"18,33","5,3","0,404","6,10",103
25,"-43,076508","-22,255192",<1,"6,93","9,54",<2,"18,88","6,7","0,525","6,96",118
26,"-43,104233","-22,231577",8200,"6,98","9,52",<2,"19,01","5,7","0,357","11,50",86
27,"-43,175696","-22,177414",1900,"6,95","9,37",<2,"19,21","6,6","0,342","20,50",84
28,"-43,143791","-22,126670",490,"7,02","9,19",<2,"19,48","3,8","0,264","11,30",78
29,"-42,917395","-22,249591",1200,"6,99","9,93",<2,"17,18","5,7","0,336","6,03",94
30,"-43,193097","-22,507103",1100,"7,01","10,63",9,"17,54","5,6","0,406","5,69",119
31,"-43,177337","-22,487193",>2400,"8,37","6,30",45,"24,73","9,4","0,903","4,87",179
32,"-43,151355","-22,474121",1600,"7,98","7,00",12,"23,23","13,0","1,45","8,71",121
33,"-43,135284","-22,403151",1300,"8,32","6,25",6,"24,83","8,9","0,921","3,95",101
34,"-43,131040","-22,379135",1100,"8,18","6,88",20,"23,48","7,8","0,787","7,82",94
35,"-43,076508","-22,255192",2400,"6,61","7,52",8,"22,24","9,2","0,747","8,25",139
36,"-43,104233","-22,231577",1100,"8,75","6,86",6,"23,53","4,8","0,307","10,10",83
37,"-43,175696","-22,177414",3300,"8,07","6,19",7,"24,99","4,8","0,247","7,82",79
38,"-43,143791","-22,126670",100,"8,02","6,61",6,"24,04","4,2","0,245","9,64",79
39,"-42,917395","-22,249591",340,"6,60","8,55",8,"20,48","8,7","0,253","6,51",84
40,"-43,172552","-22,514078",>24000,"8,02","7,42",25,"22,42","25,1","1,83","10,50",398
41,"-43,177337","-22,487193",400,"6,11","6,73",6,"22,66","6,9","0,993","3,58",209
42,"-43,151355","-22,474121",980,"6,12","6,52",6,"22,90","10,3","1,650","6,25",248
43,"-43,135284","-22,403151","<1,0","6,28","6,75",12,"23,02","6,3","0,847","3,95",190
44,"-43,131040","-22,379135",920,"6,49","6,92",8,"24,37","3,8","0,323","20,60",123
45,"-43,076508","-22,255192",15000,"6,87","7,01",11,"24,45","6,0","0,736","90,40",116
46,"-43,104233","-22,231577",6400,"6,49","6,93",10,"25,72","3,8","0,158","114,00",108
47,"-43,175696","-22,177414",9900,"6,84","6,54",11,"24,19","5,1","0,322","330,00",90
48,"-43,143791","-22,126670",730,"7,03","6,75",9,"24,10","4,5","0,290","24,00",92
49,"-42,917395","-22,249591",26000,"7,34","7,12",30,"20,71","4,7","0,466","92,30",74
50,"-43,185431","-22,517014",24000,"7,78","6,84",25,"24,33","13,0","1,38","11,80",195
51,"-43,177337","-22,487193",820,"6,86","7,71",<2,"21,60","7,3","0,639","7,92",161
52,"-43,151355","-22,474121",>240000,"6,84","7,61",7,"21,53","8,2","0,772","5,57",158
53,"-43,135284","-22,403151",3400,"6,92","7,94",<2,"21,34","6,0","0,436","6,72",128
54,"-43,131040","-22,379135",2100,"6,98","6,14",<2,"23,60","5,2","0,562","12,10",89
55,"-43,076508","-22,255192",9200,"6,87","6,65",<2,"23,77","3,7","0,255","8,60",68
56,"-43,104233","-22,231577",2600,"6,95","6,19",<2,"23,52","2,3","0,225","21,70",51
57,"-43,175696","-22,177414",770,"7,02","6,40",<2,"23,75","2,5","0,152","24,90",50
58,"-43,143791","-22,126670",740,"6,96","6,45",<2,"23,35","2,5","0,179","35,20",43
59,"-42,917395","-22,249591",2900,"7,00","6,47",<2,"21,87","4,4","0,217","6,14",71
60,"-43,193103","-22,507103",240000,"7,04","5,29",15,"20,83","12,4","1,07","5,98",201
61,"-43,177337","-22,487193",9800,"6,98","4,56",<2,"21,12","6,0","0,588","6,06",104
62,"-43,151355","-22,474121",>24000,"6,91","3,4",12,"21,77","6,5","0,555","5,11",98
63,"-43,135284","-22,403151",20000,"6,79","4,72",5,"21,26","5,7","0,403","4,52",84
64,"-43,131040","-22,379135",>24000,"6,95","4,21",7,"21,22","3,7","0,341","7,22",77
65,"-43,076508","-22,255192",6900,"7,01","6,42",8,"24,65","6,1","0,322","5,79",73
66,"-43,104233","-22,231577",6300,"7,03","7,39",11,"25,43","<2,0","0,246","51,70",60
67,"-43,175696","-22,177414",2800,"6,98","7,32",6,"25,83","2,1","0,236","80,70",56
68,"-43,143791","-22,126670",410,"7,03","7,23",6,"26,12","5,0","0,268","77,60",57
69,"-42,917395","-22,249591",4000,"7,01","4,14",13,"23,06","3,6","0,218","29,50",71
70,"-43,175808","-22,509419",2400,"6,91","5,7",11,"20,83","6,7","0,560","4,67",91
71,"-43,177337","-22,487193",>24000,"7,15","4,22",9,"24,53","8,3","0,546","28,70",88
72,"-43,151355","-22,474121",>24000,"7,12","4,77",15,"23,97","6,4","0,455","19,80",78
73,"-43,135284","-22,403151",>24000,"6,95","6,79",12,"25,27","3,8","0,403","9,73",45
74,"-43,131040","-22,379135",>24000,"7,13","5,46",7,"25,33","3,4","0,308","12,45",39
75,"-43,076508","-22,255192",14000,"7,06","7,94",15,"25,19","3,5","0,578","11,30",63
76,"-43,104233","-22,231577",2900,"7,25","4,96",10,"25,86","2,2","0,359","25,68",55
77,"-43,175696","-22,177414",1500,"7,20","5,20",10,"27,33","2,4","0,322","49,70",57
78,"-43,143791","-22,126670",980,"7,21","4,97",5,"26,70","2,9","0,311","62,80",53
79,"-42,917395","-22,249591",4500,"7,15","7,16",<2,"23,45","3,4","0,340","55,70",46
80,"-43,185431","-22,517014",51,"6,93","4,91",13,"22,82","6,3","0,588","12,35",102
81,"-43,177337","-22,487193",24000,"7,01","4,55",6,"18,30","3,7","0,279","31,90",31
82,"-43,151355","-22,474121",24000,"6,98","4,91",8,"18,08","3,4","0,199","23,50",22
83,"-43,135284","-22,403151",58000,"6,85","5,15",17,"19,63","4,3","0,156","11,90",14
84,"-43,131040","-22,379135",33000,"7,02","7,45",10,"19,42","2,6","0,110","20,30",26
85,"-43,076508","-22,255192",410,"6,98","7,02",16,"23,18","4,5","0,176","72,40",22
86,"-43,104233","-22,231577",13000,"7,04","4,39",11,"21,75","3,0","0,121","32,60",32
87,"-43,175696","-22,177414",8100,"7,00","7,31",6,"24,15","3,1","0,131","58,50",34
88,"-43,143791","-22,126670",4200,"7,15","7,05",14,"23,49","4,8","0,110","70,30",18
89,"-42,917395","-22,249591",490,"7,04","4,30",13,"21,84","4,7","0,314","74,40",41
90,"-43,193103","-22,507103",24000,"7,01","3,45",8,"19,27","2,7","0,218","28,3",34
91,"-43,177337","-22,487193",16000,"6,85","6,32",19,"22,00","5,6","0,384","10,70",78
92,"-43,151355","-22,474121",3600,"6,98","6,14",12,"22,01","3,4","0,279","13,70",69
93,"-43,135284","-22,403151",24000,"6,95","5,84",<2,"22,35","3,7","0,190","28,90",57
94,"-43,131040","-22,379135",9100,"6,99","5,98",<2,"22,16","3,1","0,140","26,70",54
95,"-43,076508","-22,255192",9100,"7,02","6,33",9,"21,79","3,9","0,162","28,70",48
96,"-43,104233","-22,231577",14000,"7,01","6,34",14,"22,42","2,9","0,385","289,00",61
97,"-43,175696","-22,177414",11000,"6,98","6,85",6,"23,29","4,7","0,511","401,00",66
98,"-43,143791","-22,126670",9100,"7,02","6,87",18,"22,67","2,1","0,412","77,00",68
99,"-42,917395","-22,249591",8300,"7,06","8,83",18,"21,50","2,5","0,139","24,90",57
100,"-43,175808","-22,509419",12000,"6,98","4,77",3,"21,56","6,7","0,606","16,20",98
101,"-43,177337","-22,487193",17000,"6,99","6,04",27,"20,78","6,5","0,553","4,35",94
102,"-43,151355","-22,474121",>24000,"7,01","5,84",30,"21,26","5,9","0,590","6,03",97
103,"-43,135284","-22,403151",>24000,"6,84","6,30",20,"21,32","4,5","0,378","7,96",78
104,"-43,131040","-22,379135",>24000,"7,01","7,20",12,"21,45","3,7","0,293","16,30",53
105,"-43,076508","-22,255192",3700,"6,98","6,58",27,"21,87","4,2","0,270","7,85",49
106,"-43,104233","-22,231577",5200,"6,99","6,35",39,"22,32","8,5","0,138","28,70",114
107,"-43,175696","-22,177414",670,"7,01","7,01",28,"23,41","3,2","0,400","16,10",69
108,"-43,143791","-22,126670",510,"7,03","7,02",14,"22,87","2,5","0,147","15,20",42
109,"-42,917395","-22,249591",3100,"7,01","7,30",19,"19,65","2,6","0,145","22,30",44
110,"-43,185431","-22,517014",24000,"7,02","5,31",35,"22,45","11,1","1,23","6,90",97
111,"-43,177337","-22,487193",3900,"6,75","4,18",<2,"18,41","3,4","0,161","7,79",68
112,"-43,151355","-22,474121",>24000,"6,84","7,40",5,"17,85","9,3","0,739","11,10",63
113,"-43,135284","-22,403151",20000,"6,75","7,11",<2,"16,86","6,7","0,448","9,75",52
114,"-43,131040","-22,379135",>24000,"6,85","7,06",<2,"18,35","5,5","0,311","17,80",94
115,"-43,076508","-22,255192",8700,"6,78","7,36",27,"16,63","5,4","0,282","8,60",70
116,"-43,104233","-22,231577",3900,"6,86","4,34",<2,"18,20","3,4","0,161","39,80",61
117,"-43,175696","-22,177414",1100,"6,88","6,49",26,"17,81","4,4","0,177","52,80",53
118,"-43,143791","-22,126670",390,"6,99","6,63",22,"18,25","3,2","0,140","32,30",30
119,"-42,917395","-22,249591",7700,"6,99","4,73",3,"17,70","3,5","0,107","15,50",67
120,"-43,193103","-22,507103",>24000,"7,02","4,98",3,"18,72","8,8","0,555","9,27",88
121,"-43,188530","-22,520680",">1600,0","6,96","0,84",17,"22,14","13,15","1,21",17,173
122,"-43,167930","-22,521510",">1600,0","7,04","6,44",11,"21,25","5,51","0,48","6,7",92
123,"-43,149990","-22,496280",">1600,0","7,23","5,74",4,"23,17","2,55","0,14","4,8",52
124,"-43,140261","-22,442240",">1600,0","7,26","3,29",13,"25,9","11,52","1,05","10,2",201
125,"-43,115720","-22,449350",">1600,0","6,85","8,43",8,"23,55","3,74","0,27","2,9",84
126,"-43,214170","-22,456230",">1600,0","6,83","7,7",3,"21,36","0,46","0,02","2,9",24
127,"-43,238750","-22,428120",920,"6,9","6,76",1,"21,65","0,35","0,02","1,4",22
128,"-43,307690","-22,391550",540,"6,99","7,36",2,"23,73","0,15","0,02","2,1",29
129,"-43,115100","-22,395040",1600,"6,87","4,97",2,"23,63","1,84","0,09","2,1",39
130,"-43,160450","-22,202850",350,"7,03","6,74",1,"25,64","1,28","0,02","18,8",39
131,"-43,093000","-22,285650",110,"6,85","6,9",1,"25,22","1,23","0,03","8,4",39
132,"-43,135650","-22,332860",">1600,0","7,04","6,04",4,"23,81","2,21","0,11","6,7",60
133,"-43,101290","-22,237850",">1600,0","7,11","0,85",105,"28,9","19,5","2,5",175,309
134,"-42,698470","-21,887860",">1600,0","7,06","4,34",2,"27,66","2,01","0,06","9,1",65
135,"-42,874730","-22,360470",">1600,0","6,64","7,54",1,"20,8","1,89","0,04","3,3",30
136,"-43,020950","-22,215250",540,"6,75","6,86",<1,"24,34","1,66","0,03",7,28
137,"-43,063360","-22,112720",">1600,0","7,18","7,68",2,"27,64","1,17","0,02","2,7",48
138,"-42,953450","-22,166750",">1600,0","7,35","7,27",3,"26,3","2,11","0,16",25,69
139,"-42,621440","-21,910970",">1600,0","7,64","7,66",2,"29,33","0,78","0,07","11,1",52
140,"-43,115240","-22,379240",">1600,0","7,07","6,36",2,"24,47","1,06","0,08","0,4",84
141,"-43,185850","-22,322990",">1600,0","6,87","6,71",2,"26,41","0,93","0,1",0,39
142,"-42,773500","-22,025760",">1600,0","7,38","6,38",1,"30,23","1,67","0,06","13,5",50
143,"-42,861490","-22,281310",">1600,0","7,14","7,09",2,"25,67","3,01","0,06","36,7",51
144,"-42,947240","-22,302650",">1600,0","6,45","6,82",1,"25,94","1,2","0,02","8,9",26
145,"-42,816220","-22,305780",240,"6,72","6,51",1,"23,57","1,15","0,02","33,2",22
146,"-42,790550","-22,142030",">1600,0","7,08","8,15",7,"23,95","4,89","0,13","10,7",65
147,"-42,679380","-22,053050",">1600,0","7,40","6,49",<1,"28,17","0,76","0,05","18,3",47
148,"-43,128300","-22,308230",">1600,0","6,66","5,14",6,"23,1","11,59",1,"28,6",177
149,"-42,982850","-22,448160",">1600,0","6,60","5,86",1,"21,96","2,45","0,04","4,4",22
150,"-42,733300","-22,263920",">1600,0","6,82","7,14",14,"21,87","6,38","0,09","29,7",94
151,"-42,980380","-22,398490",">1600,0","7,12","0,26",23,"24,77","7,99","0,97","33,6",160
152,"-43,054960","-22,428650",">1600,0","6,54","6,7",<1,"20,75","1,24","0,02","0,2",15
153,"-43,188530","-22,520680","92000,0","6,62","3,72",3,"22,06","3,62","0,35","18,8",79
154,"-43,167930","-22,521510","1600000,0","7,14","7,32",4,"21,04","1,72","0,13","8,6",32
155,"-43,149990","-22,496280","1600000,0","7,14","7,89",7,21,"0,98","0,03","0,01",18
156,"-43,140261","-22,442240","160000,0","6,94","5,52",8,"22,06","2,92","0,26","19,4",74
157,"-43,115720","-22,449350","54000,0","6,74","8,1",3,"22,06","0,98","0,03","0,01",17
158,"-43,214170","-22,456230","2300,0","6,29","7,14",2,"23,24","<0,10","< 0,01","21,4",15
159,"-43,238750","-22,428120","3300,0","6,23","7,14",6,"22,8","0,49","< 0,01","0,01",20
160,"-43,307690","-22,391550","1300,0","6,33","5,45",<1,"24,9","0,23","< 0,01","40,2",21
161,"-43,115100","-22,395040","54000,0","6,41","6,17",3,"24,42","0,16","0,01",32,22
162,"-43,160450","-22,202850","4900,0","7,07","6,82",6,"25,69","0,61","0,02",105,30
163,"-43,093000","-22,285650","230,0","6,55","6,56",7,"22,7","1,55","0,01","13,8",32
164,"-43,135650","-22,332860","1600000,0","7,61","7,16",3,"24,69","0,68","0,03","30,04",39
165,"-43,101290","-22,237850","92000,0","7,08","3,35",10,"24,9","1,85","0,2","30,1",110
166,"-42,698470","-21,887860","350000,0","7,71","8,22",7,"27,64","0,45","0,04",30,52
167,"-42,874730","-22,360470","33,0","6,76","6,22",3,"24,02","0,79","0,05","15,4",19
168,"-43,020950","-22,215250","1700,0","6,3","6,73",2,"22,9","1,16","0,04","54,2",79
169,"-43,063360","-22,112720","4900,0","7,67","7,04",2,"26,56","0,32","0,02",180,44
170,"-42,953450","-22,166750","35000,0","7,51","7,43",8,"23,6","1,52","0,03","49,4",50
171,"-42,621440","-21,910970","220000,0","7,64","8,06",<1,"26,67","0,53","0,07",124,43
172,"-43,115240","-22,379240","160000,0","7,63","6,31",4,"24,9","0,6","0,03","25,6",56
173,"-43,185850","-22,322990","4900,0","3,88","6,56",5,"25,56","0,76","0,01",29,25
174,"-42,773500","-22,025760","92000,0","6,63","6,68",<1,"25,56","0,52","0,05",29,40
175,"-42,861490","-22,281310","4600,0","6,87","7,36",10,"23,22","1,08","0,19","19,2",26
176,"-42,947240","-22,302650","3300,0","6,67","7,11",2,"23,87","0,17","0,02","60,5",19
177,"-42,816220","-22,305780","230,0","6,12","6,87",3,"22,19","0,11","0,02","22,8",9
178,"-42,790550","-22,142030","3300,0","7,05","6,74",1,"25,32","1,63","0,07","43,8",53
179,"-42,679380","-22,053050","160000,0","6,83","6,57",3,"26,72","0,45","0,05",140,39
180,"-43,128300","-22,308230","1600000,0","7,03","0,54",5,"21,75","3,9","0,52",251,91
181,"-42,982850","-22,448160","23,0","7,13","7,9",<1,"20,31","0,13","0,02","16,9",10
182,"-42,733300","-22,263920","170,0","7,07","7,42",3,"22,4","3,99","0,12","70,8",67
183,"-42,980380","-22,398490","2300,0","7,01","5,12",11,"21,82","4,14","0,26","7,07",59
184,"-43,054960","-22,428650","<1,8","6,76","6,46",2,"23,58",,"< 0,01","1,6",6
185,"-43,188530","-22,520680","160000,0","7,12","0,91",<1,"19,68","11,7","1,02","17,6",173
186,"-43,167930","-22,521510","160000,0","7,42","4,76",<1,"21,57","4,08","0,39","14,2",98
187,"-43,149990","-22,496280","160000,0","7,65","7,65",1,"19,67","1,53","0,05","14,6",46
188,"-43,140261","-22,442224","160000,0","6,39","6,85",7,"20,86","4,6","0,31","6,4",77
189,"-43,115720","-22,449350","16000,0","6,39","6,85",3,"19,36","2,6","0,08","6,4",62
190,"-43,214170","-22,456230","790,0","6,38","8,04",<1,"19,86","0,45","0,02","2,9",53
191,"-43,238750","-22,428120","9200,0","6,37","7,83",<1,"19,03","0,68","0,01","2,8",107
192,"-43,307690","-22,391550","490,0","6,94","7,87",2,"19,51","0,98","0,01","8,3",62
193,"-43,115100","-22,395040","160000,0","6,42","7,64",<1,"19,52","0,75","0,05","29,1",55
194,"-43,160450","-22,202850","940,0","6,6","7,13",3,"22,81","0,43","0,03","31,8",20
195,"-43,093000","-22,285650","230,0","6,81","7,28",6,"21,91","1,92","0,03","5,6",45
196,"-43,135650","-22,332860","160000,0","6,83","7,03",3,"21,47","0,76","0,04","11,5",38
197,"-43,101290","-22,237850","160000,0","7,57","3,22",88,"25,64","6,53","0,65","6,98",110
198,"-42,698470","-21,887860","160000,0","6,8","7,17",2,"23,77","2,28","0,09","23,2",128
199,"-42,874730","-22,360470","9200,0","6,79","7,2",<1,"20,97","0,73","0,03","39,3",93
200,"-43,020950","-22,215250","790,0","7,61","8,15",3,"20,24","0,46","0,03","19,9",30
201,"-43,063360","-22,112720","5400,0","7,95","8,35",4,"21,41","0,58","0,02","26,7",38
202,"-42,953450","-22,166750","16000,0","7,62","7,54",3,"22,25","1,77","0,07","53,3",70
203,"-42,621440","-21,910970","1300,0","6,45","7,53",<1,"24,22","0,91","0,06",136,110
204,"-43,115240","-22,379240","160000,0","6,92","6,87",<1,"20,89","1,3","0,05","6,2",120
205,"-43,185850","-22,322990","790,0","6,32","7,18",4,"20,62","1,31","0,02","7,6",32
206,"-42,773500","-22,025760","16000,0","7,07","7,21",2,"24,67","1,23","0,06","91,2",93
207,"-42,861490","-22,281310","1300,0","7,29","7,27",1,"22,44","1,58","0,06","58,4",77
208,"-42,947240","-22,302650","5400,0","6,48","7,95",1,"21,22","0,46","0,02","16,3",32
209,"-42,816220","-22,305780","230,0","5,97","7,37",2,"21,33","0,42","0,01","4,4",60
210,"-42,790550","-22,142030","16000,0","6,49","6,78",<1,"21,95","2,17","0,05","48,6",122
211,"-42,679380","-22,053050","9200,0","6,59","8,01",<1,"22,6","1,33","0,07",145,98
212,"-43,128300","-22,308230","160000,0","7,57","5,57",4,"20,79","7,16","0,22","36,3",117
213,"-42,982850","-22,448160","330,0","6,17","7,95",<1,"16,61","0,35","0,01","2,5",83
214,"-42,733300","-22,263920","16000,0","6,86","7,07",2,"20,27","5,77","0,1",108,150
215,"-42,980380","-22,398490","160000,0","7,13","3,72",<1,"19,03","3,27","0,27","8,6",105
216,"-43,054960","-22,428650","230,0","6,21","8,19",<1,"16,53","0,8","0,01","1,8",60
217,"-43,188530","-22,520680","280000,0","6,98","2,15",12,"17,2","12,62","0,79","39,4",138
218,"-43,167930","-22,521510","33000,0","7,06","5,85",3,"15,71","25,18","0,36","24,5",68
219,"-43,149990","-22,496280","23000,0","7,17","6,91",4,"15,28","3,25","0,09","10,6",40
220,"-43,140261","-22,442240","1600000,0","7,34","4,18",12,"18,78","13,67","0,92","15,2",87
221,"-43,115720","-22,449350","1600000,0","7,03","5,54",12,"17,79","11,01","0,17","15,2",55
222,"-43,214170","-22,456230","7900,0","6,52","9,21",1,"14,45","10,06",,"3,2",36
223,"-43,238750","-22,428120","2300,0","7,21","8,78",2,"14,69","0,52","0,04","3,2",27
224,"-43,307690","-22,391550","2300,0","6,69","8,95",<1,"15,31","0,35","<0,01",6,25
225,"-43,115100","-22,395040","92000,0","6,85","7,52",11,"17,3","1,33","0,08","34,6",70
226,"-43,160450","-22,202850","24000,0","7,33","6,94",3,"18,17","0,58","<0,01","7,7",10
227,"-43,093000","-22,285650","230,0","7,19","8,87",3,"14,96","13,93","0,003","5,1",65
228,"-43,135650","-22,332860","1600000,0","7,02","8,73",4,"14,09","1,87","0,07","8,1",62
229,"-43,101290","-22,237850","1600000,0","7,37","2,61",54,"21,57","10,2","0,9","90,1",153
230,"-42,698470","-21,887860","1600000,0","7,35","7,98",8,"17,16","1,4","0,16","72,6",80
231,"-42,874730","-22,360470","540000,0","6,61","8,01",2,"15,26","0,56","0,02","3,8",10
232,"-43,020950","-22,215250","2300,0","6,25","8,21",7,"15,86","1,23","0,003","13,1",25
233,"-43,063360","-22,112720","4900,0","7,11","8,57",8,"16,46","0,49","<0,01",128,87
234,"-42,953450","-22,166750","2300,0","7,15","7,44",10,"17,54","2,85","0,12","71,8",90
235,"-42,621440","-21,910970","160000,0","7,34","9,11",1,"17,4","5,15","0,03","47,1",95
236,"-43,115240","-22,379240","92000,0","7,02","7,03",5,"16,5","7,72","0,06","10,6",105
237,"-43,185850","-22,322990","7900,0","6,84","7,06",8,"14,99","0,84","0,03",10,53
238,"-42,773500","-22,025760","920000,0","7,44","8,67",2,"18,21","1,03","0,03","27,3",40
239,"-42,861490","-22,281310","920000,0","7,18","8,86",5,"15,55","17,88","0,03","24,9",15
240,"-42,947240","-22,302650","1600000,0","6,71","8,6",2,"17,25","0,27","<0,01","58,1",13
241,"-42,816220","-22,305780","13000,0","6,18","8,37",2,"14,42","0,19","0,003","3,5",75
242,"-42,790550","-22,142030","350000,0","6,96","7,74",4,"17,66","2,27","0,07","29,3",7
243,"-42,679380","-22,053050","160000,0","7,44","8,72",2,"18,36","1,53","0,03","47,4",3
244,"-43,133380","-22,385640","92000,0","6,29","6,68",9,"15,26","2,47","0,12","44,1",88
245,"-42,982850","-22,448160","54000,0","6,45","8,71",2,"13,61","0,24","0,003","2,6",15
246,"-42,733300","-22,263920","160000,0","7,14","8,1",3,"16,05","15,48","0,06","22,4",75
247,"-42,980380","-22,398490","920000,0","6,99","0,42",22,"18,44","9,82","1,01","56,8",87
248,"-43,054960","-22,428650","2300,0","6,52","8,32",1,"14,66","0,3","0,01","2,6",30
249,"-43,203585","-22,477103","7,8","6,1","5,1",4,"16,8","0,2","0,03","<0,1",10
250,"-43,192264","-22,507109",>160000,"6,05","4,42",12,"22,57","3,8","0,31","7,7",98
251,"-43,177401","-22,488937","16000,0","7,12","3,09",7,"20,3","2,8","0,19","2,2",93
252,"-43,151594","-22,474022","9200,0","7,05","4,08",8,"20,8","3,5","0,31",51,77
253,"-43,146821","-22,464186","16000,0","7,23","4,4",6,"20,9","3,7","0,27","45,6",76
254,"-43,143104","-22,457097","16000,0","7,21","4,01",19,"20,7","5,2","0,24","22,3",77
255,"-43,140300","-22,442182","16000,0","6,97","3,37",4,"20,7","3,7","0,3","54,5",82
256,"-43,132677","-22,423199","9200,0","6,98","3,02",7,"20,4","3,6","0,27","56,8",76
257,"-43,135284","-22,403151","1300,0","7,05","4,67",8,"17,7","2,9","0,75","13,6",56
258,"-43,133380","-22,385640",>160000,"7,21","4,1",7,"22,2","0,5","0,06","3,8",35
259,"-43,131041","-22,379071","1600,0","6,92","3,04",6,22,"2,5","0,18","43,8",59
260,"-43,076507","-22,255282","92000,0","6,96","4,89",6,"21,7","2,4","0,79",149,56
261,"-43,104233","-22,231577","24000,0","7,3","4,5",13,"21,8","2,4","0,8","98,3",52
262,"-43,175696","-22,177414","7900,0","7,26","4,9",4,23,"1,9","0,64",131,46
263,"-43,143677","-22,126506","790,0","6,63","5,6",6,"22,1","2,8","0,12","7,1",59
264,"-43,214713","-22,512042","92000,0","6,5","3,83",8,"21,56","6,2","0,56","6,4",130
265,"-43,212466","-22,510962","160000,0","6,59","4,5",7,"21,05","5,6","0,47","5,1",129
266,"-43,194048","-22,506651",>160000,"6,18","4,23",2,"21,4","2,8","0,16","2,2",84
267,"-43,191077","-22,503611","160000,0","6,53","3,71",9,"21,01","7,9","0,66","6,8",175
268,"-43,122150","-22,505673","22,0","6,3","5,4",4,"16,6","0,6","0,08","<0,1",8
269,"-43,149543","-22,497369","16000,0","6,9","6,47",4,"16,3","2,2","<0,003","1,7",58
270,"-43,152666","-22,488358","9200,0","7,17","4,01",5,"19,5","0,7","0,06","2,4",21
271,"-43,094538","-22,462521","230,0","6,92","6,08",4,"14,5","0,4","0,16","1,5",7
272,"-43,115623","-22,449339","16000,0","7,46","5,02",6,"20,1","0,8","0,02","1,8",19
273,"-43,139756","-22,442199","240,0","7,41","3,59",6,"21,4","0,9","0,02","2,1",22
274,"-43,214169","-22,456232","1300,0","7,1","5,97",3,"17,7","1,2","<0,003","4,9",15
275,"-43,238753","-22,428119","790,0","6,87","5,9",3,"17,2","0,8","<0,003",2,19
276,"-43,163897","-22,427182","28000,0","7,17","5,86",2,"17,7","0,6","0,03","3,3",25
277,"-43,139279","-22,414841","920,0","6,99","3,09",6,"21,7","4,1","0,33","83,7",77
278,"-43,054806","-22,429875","79,0","7,25","6,4",4,"14,1","0,3","<0,003","0,3",22
279,"-43,115095","-22,395042","9200,0","7,18","4,29",5,21,"0,5","0,02","6,8",25
280,"-43,115240","-22,379240","16000,0","6,87","4,2",6,"21,3",1,"0,06",3,67
281,"-43,135650","-22,332860","92000,0","7,58","4,4",9,"21,4","1,1","0,16",359,19
282,"-43,093000","-22,285652","13000,0","7,15","4,54",9,"21,4","1,5","0,1","20,4",21
283,"-43,101290","-22,237850",>160000,"7,01","3,8",10,"23,6","2,3","0,14","84,5",90
284,"-43,211069","-22,540816",>1600,"6,12","3,1",4,"18,52","4,1","0,19","<0,1",51
285,"-43,199256","-22,531514","160000,0","6,15","3,9",5,"20,92","6,2","0,61","2,9",105
286,"-43,188525","-22,520682",>160000,"6,58","3,22",29,"21,01","7,3","0,72","24,2",116
287,"-43,185556","-22,517413",>160000,"6,09","2,87",36,"20,86",8,"0,78","76,6",116
288,"-43,183382","-22,516161","160000,0","6,34","3,5",11,"21,4","6,8","0,11","25,1",113
289,"-43,156632","-22,526488",>1600,"7,02","4,71",4,"17,3","0,8","0,06","<0,1",10
290,"-43,169442","-22,522009","92000,0","6,35","3,3",4,"20,24","4,1","0,31","13,8",57
291,"-43,170854","-22,515430",>160000,"6,17","3,8",31,"20,91",4,"0,38","50,1",55
292,"-43,172498","-22,514086",>160000,"6,26","3,95",9,"21,5","4,1","0,33","12,3",55
293,"-43,175656","-22,509450","1300,0","7,4","4,54",9,"18,3","4,7","0,17","10,4",84
294,"-42,983436","-22,448156","92000,0","7,2","5,23",2,"17,2","0,2","0,07","0,6",9
295,"-42,980376","-22,398489","160000,0","6,4","3,1",6,"19,7","3,8","0,27","3,7",73
296,"-42,947235","-22,302648","160000,0","6,75","4,02",6,"20,8","1,1","0,05","14,1",25
297,"-42,874728","-22,360466","330,0","6,97","3,02",4,"21,6","0,3","0,03","5,5",22
298,"-42,816215","-22,305782","540,0","6,66","4,27",6,"19,2","14,6","0,03","3,2",11
299,"-42,733296","-22,263917","16000,0","6,46","4,25",4,"21,8","3,9","0,07","18,8",64
300,"-42,861494","-22,281308","16000,0","7,01","4,4",24,"20,9","1,4","0,11",78,29
301,"-42,917455","-22,249493","16000,0","6,67","3,44",4,"21,2","2,6","0,11","5,4",53
302,"-42,790554","-22,142032","230,0","6,54","5,3",12,"19,7","1,9","0,09","47,6",27
303,"-42,953446","-22,166749","7900,0","6,54","5,29",5,"21,6","2,4","0,05",54,41
304,"-43,020952","-22,215252","13000,0","6,54","4,39",8,"21,2","1,4","0,03","17,2",54
305,"-43,307691","-22,391550","2300,0","6,39","5,73",7,"18,02","1,2","<0,003","16,1",22
306,"-43,185458","-22,322988","13000,0","7,28","3,74",13,"20,9","1,1","0,07","21,8",13
307,"-43,156900","-22,231205","1300,0","6,43","6,84",3,"16,6","0,3","<0,003","7,8",29
308,"-42,618834","-21,910970","4900,0","8,25","4,3",8,"21,2","1,4","0,04","11,5",42
309,"-42,679379","-22,053046","13000,0","7,35","5,41",5,"22,84","2,2","0,03","57,6",42
310,"-42,773504","-22,025760","1300,0","7,08","4,73",6,27,"2,1","0,03","41,9",43
311,"-42,698471","-21,887862","35000,0","7,42","5,25",4,25,"1,7","0,03","20,5",44
312,"-43,063363","-22,112715","2800,0",7,"6,53",4,"22,04","3,7","0,01","69,8",43
313,"-42,926604","-22,230312","<1,8","7,02","7,16",3,"14,3","0,2","<0,003","0,5",18
314,"-43,017900","-22,369408","4,5","7,64","7,2",6,"12,1","1,3","<0,003","<0,1",10
315,"-43,027115","-22,369665","7,8","7,12","6,69",3,"13,01","0,7","<0,003","<0,1",11
316,"-43,000940","-22,312751","130,0","6,72","6,3",4,"14,09","0,3","<0,003","0,5",9
317,"-43,018390","-22,341691","130,0","6,2","7,09",3,"14,3","<0,1","<0,003","<0,1",11
318,"-42,778910","-22,252430","16000,0","7,26","5,1",10,19,"7,4","0,11","36,2",67
319,"-42,725262","-22,273326",>160000,"6,79","4,22",7,"20,1","4,1","0,08","3,5",60
320,"-42,737271","-22,291444","160000,0","6,8","5,01",2,"19,55","3,5","0,03","2,0",57
321,"-43,255461","-22,432922","230,0","7,02","6,97",2,"16,15","0,9","<0,003","0,3",13
322,"-43,269108","-22,470576","230,0","7,12","7,08",4,"19,8","1,5","<0,003","0,3",9
323,"-43,203585","-22,477103","23,0","7,09","6,6",3,"14,2","0,2","<0,003","0,4",11
324,"-43,192264","-22,507109",>160000,"7,05","1,4",9,"16,9","6,5","0,48","8,3",164
325,"-43,177401","-22,488937","54000,0","6,98","3,8",8,"15,8","9,7","0,61","3,6",160
326,"-43,151594","-22,474022","160000,0","7,01","5,22",15,"16,9","19,7","0,56","4,1",150
327,"-43,146821","-22,464186",>160000,"7,3","4,9",11,"16,4","12,4","0,61","3,9",152
328,"-43,143104","-22,457097",>160000,"7,33","4,7",11,"16,7","17,3","0,61","4,4",142
329,"-43,140281","-22,442224",>160000,"7,64","3,8",9,"17,7","9,9","0,65","1,4",172
330,"-43,132677","-22,423199",>160000,"6,59",2,9,"19,7",11,"0,63","6,0",140
331,"-43,135284","-22,403151",>160000,"6,41","2,7",12,"19,3","2,1","0,52","8,9",113
332,"-43,133380","-22,385640",>160000,"6,24","4,1",10,"18,5","2,1","0,15","9,3",50
333,"-43,131041","-22,379071",>160000,"6,15","2,8",14,"18,3","6,7","0,4","7,3",104
334,"-43,076507","-22,255282","2400,0","6,62","3,89",10,"18,7","6,2","0,42","7,5",86
335,"-43,104233","-22,231577","230,0","6,63","4,25",7,"18,97","3,3","0,22","8,1",57
336,"-43,175696","-22,177414","790,0","7,1","5,23",5,"20,77","3,2","0,17","8,8",62
337,"-43,143677","-22,126506","790,0","7,21","5,16",5,"20,48","2,5","0,16","7,4",54
338,"-43,214713","-22,512042",>160000,7,"1,7",15,"19,8","15,2","1,41","8,6",174
339,"-43,212466","-22,510962",>160000,"6,95","1,8",12,"17,7","14,1","1,18","4,9",152
340,"-43,194048","-22,506651",>160000,"6,93","1,3",11,"17,5","8,2","0,58","2,7",106
341,"-43,191077","-22,503611",>160000,"7,02","0,8",7,"17,9","10,3","0,79","3,6",125
342,"-43,122150","-22,505673","23,0","7,08","5,45",4,20,"1,2","0,01","0,6",10
343,"-43,149543","-22,497369",>160000,"7,4","6,2",5,"18,1","1,5","0,09","1,7",37
344,"-43,152666","-22,488358","1600,0","6,74","5,49",6,15,"2,2","0,12","1,8",36
345,"-43,094538","-22,462521","220,0","7,11","6,2",3,"14,3","0,4","0,16","1,4",10
346,"-43,115623","-22,449339","920,0","7,29","5,1",5,"16,4","3,3","0,15","2,7",42
347,"-43,139756","-22,442199",>160000,"7,2","3,5",8,"18,1","2,4","0,06","4,0",42
348,"-43,214169","-22,456232","1600,0","7,32","6,54",4,"15,9","0,5","<0,003","0,7",19
349,"-43,238753","-22,428119",>160000,"6,21","5,7",6,"15,2","0,6","<0,003","0,7",19
350,"-43,163897","-22,427182",>160000,"6,98","5,5",5,16,1,"0,05","1,5",30
351,"-43,139279","-22,414841",>160000,"6,52","2,3",14,"19,4","9,2","0,68","8,8",130
352,"-43,054806","-22,429875","280,0","5,98","4,61",3,"16,86","1,3","0,01","0,6",13
353,"-43,115095","-22,395042",>160000,"6,44","4,4",6,"19,1","1,4","0,07","6,6",38
354,"-43,115240","-22,379240",>160000,"6,26","3,9",10,"18,4","1,9","0,08","3,0",62
355,"-43,135650","-22,332860",>160000,"6,38","4,7",9,"17,3","1,4","0,07","3,0",44
356,"-43,093000","-22,285652","1300,0",7,"5,1",8,"17,47",2,"0,02","2,7",37
357,"-43,101290","-22,237850",>160000,"8,04","3,74",15,"19,01","6,8","0,64","5,1",109
358,"-43,211069","-22,540816",>160000,"7,41","1,5",9,"18,1","4,4","0,29","8,2",61
359,"-43,199256","-22,531514",>160000,"8,5","1,9",10,18,"6,6","0,47","3,6",105
360,"-43,188525","-22,520682",>160000,"8,15",1,9,"20,1","6,5","0,57","3,8",111
361,"-43,185556","-22,517413",>160000,"7,37","0,9",7,"21,3","6,7","0,58","2,6",106
362,"-43,183382","-22,516161",>160000,"7,37","0,71",9,"19,1","8,6","0,59","4,4",123
363,"-43,156632","-22,526488",>160000,"7,63","1,8",9,"14,8","0,5","0,02","0,3",12
364,"-43,169442","-22,522009",>160000,"7,24","1,4",5,"15,9",7,"0,64","4,1",116
365,"-43,170854","-22,515430",>160000,"7,2","1,9",12,"20,1","7,4","0,49","5,3",115
366,"-43,172498","-22,514086",>160000,"6,85","1,1",10,"18,8","20,6","1,35","8,7",164
367,"-43,175656","-22,509450",>160000,"7,24","1,5",5,"18,1","11,3","0,72","5,5",152
368,"-42,983436","-22,448156","230,0","6,01","4,35",6,"16,71","0,5","0,03","0,7",15
369,"-42,980376","-22,398489",>160000,"6,17","2,89",65,"21,76","9,9","1,14","7,1",124
370,"-42,947235","-22,302648","3500,0","6,7","3,61",3,"18,7","1,3","0,02","4,6",24
371,"-42,874728","-22,360466","16000,0","5,97","3,98",6,"17,06","0,5","0,03","1,9",26
372,"-42,816215","-22,305782","230,0","6,19","4,1",4,"17,22","0,3","0,01","2,4",21
373,"-42,733296","-22,263917","2400,0",6,"3,91",16,"17,9","4,5","0,11","24,2",78
374,"-42,861494","-22,281308","1300,0","6,16","3,78",8,"18,6","1,3","0,04","0,7",49
375,"-42,917455","-22,249493","2800,0","6,11","3,7",8,"20,13",4,"0,03","4,0",73
376,"-42,790554","-22,142032","160000,0","7,54","3,69",18,"19,03",2,"0,11","5,9",38
377,"-42,953446","-22,166749","16000,0","7,35","4,66",10,"18,2","2,6","0,14","6,5",46
378,"-43,020952","-22,215252","790,0","7,37","4,74",11,"17,62","1,5","0,02","5,3",22
379,"-43,307691","-22,391550","920,0","6,34","5,8",4,"15,7","0,3","<0,003","5,4",23
380,"-43,185458","-22,322988","110,0","6,99","4,3",5,"18,6","0,8","0,04","3,5",27
381,"-43,156900","-22,231205",23,"6,95","6,12",5,"20,3",2,"0,32","85,3",24
382,"-42,621440","-21,910970","230,0","6,45","6,94",6,"16,03","0,9","0,02","14,1",50
383,"-42,679379","-22,053046","16000,0","6,58","7,94",6,"17,96",1,"0,02","6,2",47
384,"-42,773504","-22,025760","3500,0","6,26","6,64",8,"18,3","0,9","0,02","7,7",47
385,"-42,698471","-21,887862","24000,0","7,32","3,87",10,"21,84","0,5","0,06","12,4",39
386,"-43,063363","-22,112715","790,0","7,4","5,03",6,"20,58","0,4","0,01","12,9",33
387,"-43,203585","-22,477103","49,0","6,89","6,8",3,17,"0,3",0,"3,2",13
388,"-43,192264","-22,507109","160000,0","6,49","4,09",10,"20,8","10,3","0,28","9,82",280
389,"-43,177401","-22,488937","160000,0","6,36","3,24",3,20,"5,1","0,21","9,69",117
390,"-43,151594","-22,474022","160000,0","6,64","4,48",10,"20,7","5,1","0,28","17,82",98
391,"-43,146821","-22,464186","1600,0","6,61","4,21",15,21,"5,0","0,28","9,65",103
392,"-43,143104","-22,457097","1600,0","6,66","4,1",10,21,"4,9","0,25","13,99",102
393,"-43,140300","-22,442182","160000,0","6,74","4,15",15,21,"5,2","0,29","6,42",107
394,"-43,132677","-22,423199","92000,0","6,37","3,8",6,21,6,"0,27",25,102
395,"-43,135284","-22,403151","160000,0","6,43","3,92",10,21,"4,7","0,26","29,3",89
396,"-43,133380","-22,385640","160000,0","6,54","4,71",3,"20,9","1,2","0,16",217,47
397,"-43,131041","-22,379071","92000,0","6,67","3,74",3,"20,8","2,6","0,3","36,8",78
398,"-43,076507","-22,255282","2200,0","6,97","4,92",10,"22,9","2,9","0,26",48,86
399,"-43,104233","-22,231577","1400,0","6,2","5,4",17,24,"2,1","0,14","29,2",56
400,"-43,175696","-22,177414","1400,0","6,69","4,41",6,"25,4","1,9","0,15","30,4",62
401,"-43,143677","-22,126506","240,0","6,25","5,39",6,24,"1,6","0,13",35,48
402,"-43,214713","-22,512042","16000,0","7,11","3,17",9,"24,14","5,9","0,66",12,19
403,"-43,212466","-22,510962","160000,0","7,53","5,9",9,"21,1",12,"0,87","6,23",195
404,"-43,194048","-22,506651","160000,0","7,01","4,7",7,"21,7","7,2","0,66","5,52",132
405,"-43,191077","-22,503611","16000,0","7,67","2,9",7,"22,4","17,4","1,22","56,8",224
406,"-43,122150","-22,505673","49,0","6,91","6,03",4,"21,51","0,2",0,"1,2",4
407,"-43,149966","-22,495977","7900,0","6,4","3,78",6,22,"1,4",0,"6,31",27
408,"-43,152666","-22,488358","160000,0","6,25","5,66",17,"21,58","1,0","0,04","20,6",17
409,"-43,094538","-22,462521","160000,0","6,96","5,89",10,"19,23","0,5","0,02","12,33",8
410,"-43,115623","-22,449339","160000,0","6,25","5,66",17,"21,58","0,8","0,06","20,6",16
411,"-43,139756","-22,442199","160000,0","6,27","5,43",29,"20,67","0,9","0,17",78,19
412,"-43,214169","-22,456232","160000,0","7,5","6,3",3,"22,5","0,6","0,01","3,66",21
413,"-43,238753","-22,428119","160000,0","6,98","7,2",2,"22,4","0,4","0,01","2,31",22
414,"-43,163897","-22,427182","92000,0","6,3","6,1",6,23,"0,8","0,05","4,06",27
415,"-43,139279","-22,414841","160000,0","6,9","2,7",17,"24,7","7,8","0,42",37,129
416,"-43,054783","-22,429760","79,0","7,23","5,55",3,"20,58","0,5","0,01",24,7
417,"-43,115095","-22,395042","7900,0","7,59","3,24",31,"25,4","1,2","0,43",702,160
418,"-43,115240","-22,379240","16000,0","7,42","5,2",2,"25,1","1,3",,"10,57",77
419,"-43,135650","-22,332860","160000,0","6,86","4,89",5,26,"1,1","0,03","7,47",48
420,"-43,093000","-22,285652","1700,0","6,74","5,47",3,21,"1,4","0,02","10,39",36
421,"-43,101290","-22,237850","160000,0","6,54","2,49",15,23,"4,3","0,26","11,31",90
422,"-43,211069","-22,540816","240,0","6,15","3,9",3,"21,6","2,5","0,15","6,15",59
423,"-43,199256","-22,531514","160000,0","6,5","4,64",9,22,"7,3","0,51",24,112
424,"-43,188525","-22,520682","160000,0","6,15","4,1",6,"21,81","8,4","0,71","7,19",131
425,"-43,185556","-22,517413","92000,0","6,3","3,88",8,"22,33","5,4","0,63","7,3",137
426,"-43,183382","-22,516161","160000,0","6,55",5,5,"21,87","7,4","0,59","9,15",114
427,"-43,156632","-22,526488","1600,0","6,28","4,95",3,"20,4","0,3","0,01","3,69",11
428,"-43,169442","-22,522009","92000,0","6,45","2,95",6,"22,58","3,2","0,27","8,01",56
429,"-43,170854","-22,515430","160000,0","6,54","3,88",5,"23,43","6,3","0,5","10,75",97
430,"-43,172498","-22,514086","92000,0","6,6","3,86",14,"22,75","0,6","1,16","25,1",130
431,"-43,175656","-22,509450","160000,0","6,56","4,49",7,"22,15","7,1","0,54","9,88",120
432,"-42,983436","-22,448156","5400,0","7,6","6,36",6,"21,21","0,5","0,02","8,96",17
433,"-42,980376","-22,398489","7900,0","6,3","4,03",11,"29,1","9,6","1,25","10,47",148
434,"-42,947235","-22,302648","230,0","6,2","4,28",4,26,"0,5",,"9,59",27
435,"-42,874728","-22,360466","790,0","6,86","5,33",3,"23,62","0,6","0,03","9,51",36
436,"-42,816215","-22,305782","230,0","6,7","5,09",3,24,"0,4",,"11,82",33
437,"-42,733296","-22,263917","5400,0","7,65","3,11",6,"25,9","5,5","0,2","91,4",94
438,"-42,861494","-22,281308","1400,0","6,62","5,34",3,25,"1,5","0,05",42,43
439,"-42,917455","-22,249493","1700,0","6,27","5,41",3,25,"3,8","0,2","3,44",66
440,"-42,790554","-22,142032","54000,0","5,64","3,41",25,"25,4","2,0","0,12","126,3",51
441,"-42,953446","-22,166749","790,0","7,74","4,75",5,"24,6","2,3","0,1","21,8",56
442,"-43,020952","-22,215252","4900,0","7,48","4,83",12,"22,2","1,2","0,07",148,29
443,"-43,307691","-22,391550","540,0","5,76","4,09",8,"22,5","1,6",,"17,9",25
444,"-43,185854","-22,322988","1300,0","6,84","5,94",3,22,"0,5","0,03","19,76",14
445,"-43,162717","-22,231922","1300,0","6,91","4,37",13,"22,49","0,8",,"138,2",45
446,"-42,621440","-21,910970","92000,0","6,71","5,42",14,"25,1","1,9","0,39",27,47
447,"-42,679379","-22,053046","2800,0","7,64","4,28",8,26,"1,6","0,05","51,5",54
448,"-42,773504","-22,025760","54000,0","6,7","4,57",15,25,"1,2","0,25",291,37
449,"-42,698471","-21,887862","24000,0","6,45","5,9",14,26,"0,8","0,04",28,40
450,"-43,063363","-22,112715","16000,0","7,2","4,1",15,"23,9","0,8","0,02","25,6",50
451,"-43,008326","-22,192819","5400,0",7,"5,84",2,"26,7","2,2","0,09","0,7",61
452,"-42,956060","-22,231615","49,0","5,66","6,06",2,"20,54","0,2",,"0,1",14
453,"-42,907600","-22,168358","1,8","6,33","5,6",5,"21,37","0,5","1,8","0,13",27
454,"-42,885669","-22,187904","1400,0","6,19","6,08",6,"24,26","0,26","1,5",101,67
455,"-42,787500","-22,337449","23,0","7,39","6,15",9,26,"1,3","0,01","1,96",10
456,"-43,089590","-22,286322","130,0","7,2","6,7",3,27,"0,5",,"7,14",13
457,"-42,949102","-22,450109","49,0","8,16","6,15",5,"19,4","0,3",,"0,1",8
458,"-42,949163","-22,450588","79,0","8,02","6,11",4,"19,5","0,3",,"0,1",9
459,"-42,949366","-22,449372","130,0","8,16","6,15",3,"19,4","0,5",,"0,1",18
460,"-43,124225","-22,360173","23,0","7,35","2,1",3,29,"1,2","0,06","38,4",146
461,"-43,203585","-22,477103","49,0","6,8","6,95",5,19,"0,3",,"0,94", 10 
462,"-43,192264","-22,507109",54000,"7,1","5,65",9,"22,4","3,7","0,3","8,56",82
463,"-43,177401","-22,488937",92000,"7,06","5,57",13,23,"3,9","0,27","9,8",82
464,"-43,151594","-22,474022","92000,0","7,52","5,8",15,"23,3","2,8","0,20","6,71",70
465,"-43,146821","-22,464186","160000,0","7,28","6,6",9,"22,9","2,7","0,22","4,51",57
466,"-43,143104","-22,457097","160000,0","5,0",59,13,"23,2","2,7","0,19","2,87",59
467,"-43,140300","-22,442182","160000,0","6,99","5,7",5,"22,6","3,1","0,2","7,23",62
468,"-43,132677","-22,423199","170,0","6,84","5,6",6,"22,8","2,2","0,18","7,89",55
469,"-43,135284","-22,403151","160000,0","6,64","4,98",7,"21,8","1,2","0,09","8,38",144
470,"-43,133380","-22,385640","9200,0","6,89","5,4",3,"23,5",1,"0,08","26,8",34
471,"-43,131041","-22,379071","160000,0","6,75","5,81",7,"22,9","1,4","0,10","8,1",45
472,"-43,076507","-22,255282","5400,0","7,2","6,4",9,"21,9","1,4","0,11","24,7",44
473,"-43,104233","-22,231577","2400,0","7,26","5,15",3,"23,1","1,2","0,10","45,4",122
474,"-43,175696","-22,177414","5400,0","7,07","6,09",9,"24,9","1,0","0,10","47,9",38
475,"-43,143677","-22,126506","5400,0","7,11","6,54",8,"24,5","1,0","0,09","44,3",128
476,"-43,214713","-22,512042",">160000,0","7,05",3,8,24,"20,9","1,28","16,63",150
477,"-43,212466","-22,510962",">160000,0","7,09","4,98",10,"23,94","16,9","1,19","14,07",147
478,"-43,194048","-22,506651",">160000,0","6,55","5,11",5,"23,28","7,9","0,46","9,06",101
479,"-43,191077","-22,503611",">160000,0","7,08","5,48",11,"23,3","24,4","1,37","9,71",165
480,"-43,122150","-22,505673","240,0","7,2","5,25",5,"22,9","1,0","0,03","5,5",11
481,"-43,149986","-22,495977","5400,0","6,64","6,98",5,"21,4","1,0","0,03","8,2",26
482,"-43,152666","-22,488358","79,0","6,91","6,75",5,"21,6","1,3","0,03","4,35",18
483,"-43,094538","-22,462521","160000,0","6,44","6,9",6,"21,81","1,2","1,2","1,68",12
484,"-43,115623","-22,449339","16000,0",7,"6,98",3,"21,2","0,9","0,03","2,15",106
485,"-43,139756","-22,442199","240,0","6,98","6,59",4,"22,4","1,1","0,03","6,61",21
486,"-43,214169","-22,456232",">160000,0","5,99","5,7",6,"22,79","1,3","0,19",245,27
487,"-43,238753","-22,428119",">160000,0","6,25","6,25",6,"21,5","0,6","0,02","9,02",18
488,"-43,163897","-22,427182","92000,0","6,24","6,21",34,"23,29","1,5","0,08",311,32
489,"-43,139279","-22,414841",">160000,0","6,34","4,5",51,"24,48","6,2","0,56","185,3",84
490,"-43,054783","-22,429760","78,0","7,58","6,64",7,"21,12","0,5",,"4,21",12
491,"-43,115095","-22,395042","240,0","7,39","6,44",19,"24,49","0,7","0,02","33,51",24
492,"-43,115240","-22,379240",">160000,0","7,59","5,82",16,"24,7","1,4","0,04","28,74",74
493,"-43,135650","-22,332860",">160000,0","8,46","6,3",3,"23,3","1,0","0,02","31,25",78
494,"-43,093000","-22,285652","9200,0","7,28","6,72",3,"21,8","1,1","0,02","2,6",124
495,"-43,101290","-22,237850","160000,0","7,05","3,95",14,"24,3","3,0","0,03","34,6",154
496,"-43,211069","-22,540816","490,0","7,17","5,41",3,"19,96","1,4","0,09","8,36",42
497,"-43,199256","-22,531514","23,0","7,14","5,22",7,"20,4","3,3","0,21","12,9",69
498,"-43,188525","-22,520682","940,0","7,25","5,86",3,"20,74","3,7","0,29","11,3",84
499,"-43,185556","-22,517413","<1,8","7,22","5,72",34,"20,83","4,2","0,24","14,3",83
500,"-43,183382","-22,516161","<1,8","7,31","5,71",4,"20,78","3,3","0,27","10,5",81
501,"-43,156632","-22,526488","<1,8","6,85","7,65",3,"18,41","0,8","0,06","0,48",31
502,"-43,169442","-22,522009","790,0","7,39","5,5",5,"20,1","0,3",,"3,1",7
503,"-43,170854","-22,515430","49,0","7,65","6,1",6,"19,77","1,7","0,12","6,77",39
504,"-43,172498","-22,514086","3500,0","7,14","5,81",8,"20,21","3,9","0,32","6,69",65
505,"-43,175656","-22,509450","490,0","7,45","5,8",3,"20,69","3,8","0,23","7,96",70
506,"-42,983436","-22,448156","230,0","7,52","6,93",10,"20,8","0,8",,"23,72",4
507,"-42,980376","-22,398489","45,0","7,31","5,56",14,"24,33","0,8","0,21","24,8",78
508,"-42,947235","-22,302648",">160000,0","7,32","6,47",5,"25,15","0,6","0,01","34,27",22
509,"-42,874728","-22,360466",">160000,0","6,95","6,91",10,"23,28","0,8","0,06","37,86",2
510,"-42,816215","-22,305782","23,0","7,15","7,02",12,"23,51","0,8","0,01","32,87",4
511,"-42,733296","-22,263917","140,0","6,81","3,22",11,"24,8","3,0","0,11",213,62
512,"-42,861494","-22,281308","16000,0","7,3","6,99",25,"23,7","0,9","0,06","44,82",12
513,"-42,917455","-22,249493","2800,0","7,09","6,45",7,"24,14","1,0","0,09","33,52",14
514,"-42,790554","-22,142032","3500,0","6,49","5,12",4,22,"3,9","0,06","90,8",122
515,"-42,953446","-22,166749",">160000,0","7,93","4,42",18,"26,33","3,9","0,16","27,8",46
516,"-43,020952","-22,215252",35000,"6,57","5,9",5,"23,86","1,7","0,12","39,2",28
517,"-43,307691","-22,391550",1600,"6,9","6,21",<1,"22,13","0,6","0,05","21,7",19
518,"-43,185854","-22,322988",9200,"7,14","6,17",8,"26,5","0,4","0,02","13,9",22
519,"-43,162717","-22,231922","2400,0","6,55","4,59",3,"21,9","0,3","0,01","12,76",38
520,"-42,621440","-21,910970","2800,0","7,43","4,26",43,25,"1,1","0,18","<0,1",32
521,"-42,679379","-22,053046","9200,0","7,33","3,76",44,"26,3","1,0","0,11",790,38
522,"-42,773504","-22,025760","9200,0","6,71","5,27",41,"24,96","1,1","0,45",981,38
523,"-42,698471","-21,887862","16000,0","7,2","3,71",16,"27,3","1,4","0,09",230,6
524,"-43,063363","-22,112715","2800,0","6,72","3,98",26,"22,3","0,8","0,08",569,30
525,"-43,203585","-22,477103","230,0","7,19","5,48",2,"18,3","0,2",,"<0,1",38
526,"-43,192264","-22,507109",">160000,0","7,03","2,93",6,"22,9","6,9","0,4","12,03","7,5"
527,"-43,177401","-22,488937",">160000,0","6,93","4,25",12,"24,1","6,3","0,54",57,116
528,"-43,151594","-22,474022",">160000,0","7,07","3,74",9,"23,8","5,2",155,"5,42",78
529,"-43,146821","-22,464186",">160000,0","6,92","3,2",12,24,"5,3","0,34","6,77",98
530,"-43,143104","-22,457097",">160000,0","6,86","3,35",11,"23,1","6,2","0,33","3,52",76
531,"-43,140300","-22,442182",">160000,0",7,"2,95",12,"23,6","5,2","0,42","5,18",84
532,"-43,132677","-22,423199",">160000,0","6,69","3,29",21,"22,5",6,"0,32","3,96",80
533,"-43,135284","-22,403151",">1600000,0","6,48","4,45",6,"21,1","3,1","0,18","1,66",60
534,"-43,133380","-22,385640",">160000,0","6,81","3,37",6,"20,8","1,7","0,07","2,06",35
535,"-43,131041","-22,379071",13000,"7,23","3,53",6,"20,6",3,"0,17","9,32",53
536,"-43,076507","-22,255282",54000,"7,09","5,12",3,22,"3,8","0,31","10,73",60
537,"-43,104233","-22,231577",9200,"6,59","5,18",5,24,"2,9","0,16","14,51",52
538,"-43,175696","-22,177414",1300,"6,86","5,32",4,25,"1,8","0,11","7,14",108
539,"-43,143677","-22,126506",">160000,0","7,86","5,14",7,"21,1","3,8",,"23,5",99
540,"-43,214713","-22,512042",">160000,0","7,5","4,2",18,"22,7","18,8","1,31","20,4",197
541,"-43,212466","-22,510962",">160000,0","7,42","4,51",15,"23,05","14,8","1,21","5,31",122
542,"-43,194048","-22,506651",">160000,0","7,28","4,42",9,"21,45","7,6","0,43","2,89",100
543,"-43,191077","-22,503611",">160000,0","7,24","5,1",9,"20,8","8,8","0,28","4,35",92
544,"-43,122150","-22,505673",130,"7,2","6,24",7,"17,64","0,4",,"1,95",14
545,"-43,149986","-22,495977",35000,"5,92","6,1",2,"21,2","7,6","0,06","<0,1",23
546,"-43,152666","-22,488358",">160000,0","6,23","5,56",8,"22,1",2,"0,12","4,36",28
547,"-43,094538","-22,462521",490,"6,3","6,06",3,"18,3","4,8","0,04","<0,1",8
548,"-43,115623","-22,449339",">160000,0","6,15","5,35",4,21,5,"0,07","3,08",27
549,"-43,139756","-22,442199",490,"6,86","4,42",4,"21,4","10,9","0,06","2,98",178
550,"-43,214169","-22,456232",">160000,0","6,98","6,58",6,"20,12","0,6",,"1,89",22
551,"-43,238753","-22,428119",">160000,0","6,99","5,98",7,"20,4","0,5",,"4,16",20
552,"-43,163897","-22,427182",">160000,0","7,4","6,01",6,"20,9","1,6",,"2,95",31
553,"-43,139279","-22,414841",">160000,0","6,88","4,57",19,23,"12,5","0,57","18,02",132
554,"-43,054783","-22,429760",27,"6,41",5,3,"19,4","0,5",,"1,22",11
555,"-43,115095","-22,395042",5400,"6,93","4,1",5,23,"1,1",,"4,7",26
556,"-43,115240","-22,379240",2400,"6,8",4,3,"21,8","1,7",,"3,92",57
557,"-43,135650","-22,332860",92000,"8,4","5,57",6,"19,3","1,4",,"2,6",142
558,"-43,093000","-22,285652",5400,"8,41","5,79",3,22,"2,1","0,07","4,79",32
559,"-43,101290","-22,237850",">160000,0","6,71","4,35",27,23,"7,4","0,35","69,8",177
560,"-43,211069","-22,540816",">160000,0","7,76","3,91",3,26,2,"0,16","3,25",50
561,"-43,199256","-22,531514",">160000,0","6,66","1,44",13,26,"6,2","0,66","6,81",116
562,"-43,188525","-22,520682",">160000,0","6,5","0,84",68,29,"11,4","1,13",153,153
563,"-43,185556","-22,517413",16000,"6,51","1,15",43,"23,51",8,"0,93",602,143
564,"-43,183382","-22,516161",">160000,0","6,83","2,81",4,29,"10,4","0,75","34,9",128
565,"-43,156632","-22,526488",13000,"7,35","4,39",4,29,"0,5","0,02","1,35",10
566,"-43,169442","-22,522009",">160000,0","6,75","2,46",4,29,"4,3","0,26","1,25",64
567,"-43,170854","-22,515430",">160000,0","6,51","2,55",10,29,"4,7","0,48","1,45",114
568,"-43,172498","-22,514086",">160000,0","6,72","2,64",14,29,"16,3","1,1","6,67",168
569,"-43,175656","-22,509450",">160000,0","6,85","2,54",20,29,"10,8","0,74","95,2",131
570,"-42,983436","-22,448156","240,0","6,72","4,8",3,"20,8","0,6",,"1,83",17
571,"-42,980376","-22,398489","24000,0","6,71","2,1",9,"23,2","14,4","0,82","10,6",123
572,"-42,947235","-22,302648","4900,0","7,55","5,61",3,"28,2","0,3",,"0,25",29
573,"-42,874728","-22,360466","1600,0","8,7","3,91",3,"22,1","0,5",,"6,22",28
574,"-42,816215","-22,305782","3300,0","7,65","5,15",5,27,"0,5",,"6,85",21
575,"-42,733296","-22,263917",">160000,0","7,2","5,31",5,"21,7","8,8","0,19","118,6",100
576,"-42,861494","-22,281308","7900,0","7,42","5,81",5,"28,2","1,9",,"8,42",52
577,"-42,917455","-22,249493","1400,0","7,28","4,3",5,"23,2",3,"0,23","5,99",58
578,"-42,790554","-22,142032","13000,0","6,54","4,39",8,"21,2","1,4","0,03","17,2",54
579,"-42,953446","-22,166749","54000,0","7,44","6,53",5,21,"3,1",,"42,4",18
580,"-43,020952","-22,215252","1400,0","7,81","6,0",14,"21,6","0,5",,"54,9",42
581,"-43,307691","-22,391550","540,0","7,81","6,31",3,"20,2","0,9",,"3,52",24
582,"-43,185854","-22,322988","790,0","7,91","5,68",5,28,"0,8",,"4,9",30
583,"-43,162717","-22,231922","130,0","7,08","6,27",5,22,"0,4",,"1,41","45,89"
584,"-42,621440","-21,910970","13000,0","5,61","7,18",12,27,"1,6",,"54,9",47
585,"-42,679379","-22,053046","16000,0","7,32","6,02",5,"19,62","1,8",,"21,5","59,84"
586,"-42,773504","-22,025760",160000,"7,6","6,53",3,27,"1,5",,"22,2",48
587,"-42,698471","-21,887862",">160000,0","7,51","4,11",6,27,"1,3",,"15,21",53
588,"-43,063363","-22,112715","54000,0","7,66","6,86",5,"21,8","0,7",,"9,77",77
589,"-43,084307","-22,287008","140,0","7,32","6,81",3,"16,38","0,4",,"3,37","20,13"
590,"-42,844494","-21,954061","4900,0","7,44",50,3,"26,9","0,4",,"8,93",35
591,"-42,845852","-21,969947","540,0","7,49","6,74",5,"18,48","0,3",,"2,94","39,35"
592,"-43,129481","-22,419944","92000,0","7,18","3,7",7,"24,7","7,2","0,25","83,9",120
593,"-43,211865","-22,529946",">160000,0","7,55","3,5",23,"22,1","18,9","1,21","32,3",181
594,"-43,193494","-22,507001",">160000,0","8,04","3,2",23,"23,1",5,"0,42",155,95
595,"-43,100877","-22,147141","490,0","7,35","6,2",3,"21,43","4,7","0,11","3,78",151
596,"-43,078633","-22,106336","4900,0","7,23","6,13",8,"21,96","3,5",,"1,93",109
597,"-43,008661","-22,094848","2300,0","7,73","6,5",3,"22,56","0,6",,"9,49",45
598,"-43,075202","-22,100108","230,0","7,53","6,89",3,"22,73","0,7",,"2,72",51
599,"-43,203585","-22,477103","23,0","8,02",6,4,"16,6","0,3","0,05","1,4","15,64"
600,"-43,192264","-22,507109",">160000,0","7,7","4,08",10,"19,9","7,1","0,72",11,"109,48"
601,"-43,177401","-22,488937",">160000,0","7,65",4,10,"20,4","10,5","0,82","4,9","212,16"
602,"-43,151594","-22,474022",">160000,0","8,25","6,81",4,19,"21,7","1,06","4,6","222,97"
603,"-43,146821","-22,464186",">160000,0","8,05","6,59",5,"18,5","11,2",1,"6,2","264,52"
604,"-43,143104","-22,457097",">160000,0","7,94","6,3",6,"18,5","22,2","1,12","6,4","232,56"
605,"-43,140300","-22,442182",">160000,0","7,68","5,77",9,"18,3",11,"1,04",7,"180,88"
606,"-43,132677","-22,423199","9200,0","7,51","4,96",8,"17,6","11,2","0,99","4,6","225,08"
607,"-43,135284","-22,403151","16000,0","7,15","3,66",12,"17,4","11,9","0,61","4,3","155,38"
608,"-43,133380","-22,385640","16000,0","7,29","6,57",4,"15,6","2,9","0,18","4,4","65,28"
609,"-43,131041","-22,379071","5400,0","7,06","2,36",7,"17,4",7,"0,52","4,6","133,82"
610,"-43,076507","-22,255282","2300,0","6,94","4,42",6,"18,1","9,2","0,3","3,3","113,76"
611,"-43,104233","-22,231577","4900,0","6,86","4,64",6,"21,9","4,8","0,11","3,6","88,94"
612,"-43,175696","-22,177414","2300,0","6,73","4,29",5,"19,6","5,1","0,1","3,4","69,7"
613,"-43,143677","-22,126506","790,0","6,92","4,55",6,"24,2","5,1","0,14","4,3","76,09"
614,"-43,214713","-22,512042",">160000,0","7,52","4,2",6,"19,04","17,6","1,45","8,93","297,16"
615,"-43,212466","-22,510962",">160000,0","7,54","5,1",9,"18,91","13,1","1,24","8,31","234,6"
616,"-43,195781","-22,506039",">160000,0","7,25","5,1",10,"18,55","7,9","0,57","4,75","131,92"
617,"-43,191077","-22,503611",">160000,0","7,35","4,97",17,"18,77","23,7","0,95","4,22","174,76"
618,"-43,122150","-22,505673","940,0","7,54","5,34",5,"16,5","2,2",,"<0,1","32,98"
619,"-43,149986","-22,495977",">160000,0","8,16","4,68",6,19,"4,1","0,08","1,6","55,77"
620,"-43,152666","-22,488358",">160000,0","7,57","4,08",9,"19,3","7,1","0,31","1,2","79,42"
621,"-43,094538","-22,462521","23,0","7,87","4,7",5,17,"1,2",,"0,7","14,49"
622,"-43,115623","-22,449339",">160000,0","7,29","3,84",6,"18,5",6,"0,19","1,6","64,44"
623,"-43,139326","-22,442355",">160000,0","5,85","3,89",41,"18,3","9,9","0,66","8,6","112,61"
624,"-43,214169","-22,456232","5400,0","7,81","6,98",2,"17,23","1,2",,"<0,1","26,52"
625,"-43,238753","-22,428119","5400,0","7,33","6,57",4,"16,68","0,8",,"<0,1","22,44"
626,"-43,163897","-22,427182",">160000,0","7,41","6,75",5,"16,63","1,6",,"<0,1","37,4"
627,"-43,139279","-22,414841",">160000,0","7,09","5,15",7,"19,49","11,4","0,73","16,29","215,56"
628,"-43,054783","-22,429760","790,0","7,12","5,7",5,"15,81","2,9",,"1,1","17,61"
629,"-43,115095","-22,395042","16000,0","6,4","5,47",4,"18,94","3,1",,"6,66","41,12"
630,"-43,115240","-22,379240",">160000,0","6,4","5,37",2,"18,12",3,,"6,4","74,26"
631,"-43,135650","-22,332860","16000,0","6,53","5,4",7,"17,79","1,3",,"2,55","45,27"
632,"-43,093000","-22,285652","490,0","7,57","5,2",5,"18,2",4,,"4,06","43,5"
633,"-43,101290","-22,237850",">160000,0","8,14","4,91",33,21,"6,4","0,7","19,6",194
634,"-43,211069","-22,540816","16000,0","7,89","4,69",6,"17,69","7,4","0,3","2,27","90,44"
635,"-43,199256","-22,531514","2400,0","7,39","4,3",8,"18,74","11,2",1,"17,3","170,68"
636,"-43,188525","-22,520682",">160000,0","7,5","4,1",27,"19,57","12,4","1,06","12,3","185,64"
637,"-43,185556","-22,517413",">160000,0","7,52","3,59",12,"19,46","12,1","1,05","9,48","185,64"
638,"-43,183382","-22,516161","16000,0","7,51","5,15",7,"18,94","10,5","0,78","9,45","161,16"
639,"-43,156632","-22,526488","94,0","7,95","5,7",2,"16,49","1,9","0,03","0,65","39,44"
640,"-43,169442","-22,522009",">160000,0","7,58","6,05",10,"19,64","10,4","0,75","2,92","246,16"
641,"-43,170854","-22,515430",">160000,0","7,52","3,55",18,"19,69","14,9","1,19","10,1","257,72"
642,"-43,172498","-22,514086",">160000,0","7,76","5,32",15,"20,45","26,8","2,07","9,39","376,72"
643,"-43,175656","-22,509450",">160000,0","7,78","4,35",18,"21,07","23,4","1,68","7,07","321,64"
644,"-42,983436","-22,448156","1400,0","6,8","5,93",5,"16,8","2,3",,"1,15","25,61"
645,"-42,980376","-22,398489",">160000,0","6,47","2,69",47,20,"22,8","1,02","24,2","205,97"
646,"-42,947235","-22,302648",">160000,0","7,32","4,79",8,"17,54","0,6",,"3,1","28,7"
647,"-42,874728","-22,360466","230,0","7,57","6,87",5,"17,8","1,3",,"1,44","45,44"
648,"-42,861494","-22,281308","<1,8","7,76","6,42",4,"17,8","2,3",,"<0,1","26,76"
649,"-42,733296","-22,263917",">160000,0",7,"5,74",4,"18,7","8,5","0,11","28,2","94,52"
650,"-42,861494","-22,281308","<1,8","7,62","6,83",5,"17,6","3,2",,"<0,1","62,8"
651,"-42,917455","-22,249493","1400,0","7,55","5,64",5,"17,96","8,4","0,23","2,96","99,89"
652,"-42,790554","-22,142032","230,0","7,6","6,17",3,"18,6",3,"0,12","2,24","57,8"
653,"-42,953446","-22,166749","94,0","7,27","6,09",4,"17,8","4,9",,"0,7","82,76"
654,"-43,020952","-22,215252","230,0","7,86","6,01",5,"16,8",1,,"3,84","28,74"
655,"-43,307681","-22,391550","230,0","7,2","4,29",5,"17,3","0,6",,"1,4","29,25"
656,"-43,185854","-22,322988","2200,0","6,82","4,14",3,22,"1,4",,"2,7","38,24"
657,"-43,162717","-22,231922","13,0","7,6","6,45",5,"19,1","0,4",,"7,13","21,15"
658,"-42,621440","-21,910970","9200,0","7,02","5,98",6,"22,1","1,8","0,03","15,68","50,32"
659,"-42,679379","-22,053046","2400,0","6,99","6,12",4,"20,4","2,2","0,02","15,46","47,6"
660,"-42,773504","-22,025760",">160000,0","7,04","6,1",4,"21,9","2,5","0,04","11,4","44,2"
661,"-42,698471","-21,887862",">160000,0","6,8","5,9",5,"21,9","1,8","0,07","8,81","53,72"
662,"-43,063363","-22,112715","94,0","7,7","6,92",11,"16,1","1,1",,"3,8","47,64"